name,amenity,emergency,geometry
Sardar Patel Cantonment General Hospital,hospital,,POINT (73.87712 18.5027163)
Dr. Babasaheb Ambedkar Cantonment General Hospital,hospital,,POINT (73.8486994 18.569025)
Command Hospital Southern Command,hospital,,POINT (73.8894328 18.5005828)
Sassoon Hospital,hospital,,POINT (73.8695664 18.5251434)
Sanjeevani Vitalife Medipoint Hospital,hospital,yes,POINT (73.8022626 18.5649263)
LifeLine Hospital,hospital,,POINT (73.8062674 18.5597445)
Dr. Chowdhary,hospital,,POINT (73.8082012 18.5547291)
Dr. Bonagiri,hospital,,POINT (73.8088556 18.5554816)
Karva Hospital,hospital,,POINT (73.8461063 18.5009733)
Jeevan Deep Medicare Centre,hospital,,POINT (73.7838496 18.5432946)
Sahyadri Hospital,hospital,,POINT (73.8057842 18.5074625)
"Krishna Hospital, Pune",hospital,,POINT (73.8128199 18.5092055)
Madhukar General Hospital,hospital,,POINT (73.8241232 18.4789234)
Dr. Mudgerikar Clinic,hospital,no,POINT (73.819076 18.477378)
Dr. Bodhe Clinic,hospital,no,POINT (73.8132288 18.4745186)
Dr. Naik Clinic,hospital,no,POINT (73.8140764 18.4745644)
Shewale Hospital,hospital,,POINT (73.8325327 18.5626652)
Trimurti Hospital,hospital,,POINT (73.8150518 18.462396)
Sanjiwini Hospital,hospital,,POINT (73.848079 18.4433669)
Surya Sahyadri Hospital,hospital,,POINT (73.8556767 18.521259)
Fatima Convent Sahyadri Clinic,hospital,,POINT (73.9008129 18.5045156)
Gupte Hospital Of Accurate Diagnostics Pvt Ltd,hospital,no,POINT (73.8398724 18.519051)
Accord Hospital,hospital,,POINT (73.7689211 18.567225)
AIMS Hospital,hospital,yes,POINT (73.8106962 18.5625409)
"Naik Hospital, Pune",hospital,,POINT (73.8594694 18.5102879)
Satyanand Hospital,hospital,,POINT (73.8886878 18.4707709)
Bora Hospital,hospital,,POINT (73.8625468 18.511463)
Patil Hospital,hospital,,POINT (73.8247015 18.4791887)
Sahyadri Hospital,hospital,,POINT (73.9277341 18.5029092)
NON,hospital,,POINT (73.9286042 18.5098623)
Golwilkar Metropolis Heath Service (India) Pvt Ltd,hospital,,POINT (73.8344155 18.5181296)
Paranjape Hospital,hospital,,POINT (73.8460515 18.5143979)
Ashakiran Hospital,hospital,,POINT (73.7811374 18.5719235)
Pawar Surgical Hospital,hospital,yes,POINT (73.9379293 18.5012035)
ONP Leela Hospital,hospital,,POINT (73.8468085 18.5329215)
Meera Hospital,hospital,,POINT (73.8746894 18.5022882)
Jupiter Hospital,hospital,yes,POINT (73.7859859 18.5656598)
Seth Ramdas Shah Memorial Hospital and Research Centre,hospital,,POINT (73.8284091 18.5293628)
Ashwini Hospital,hospital,no,POINT (73.7757678 18.576745)
Nityanand Rehabilitation and Residential Mental Heal,hospital,,POINT (73.8515434 18.4565508)
Yashda Hospital,hospital,,POINT (73.859535 18.5168084)
Mohite Eye Hospital,hospital,,POINT (73.936556 18.5006535)
Joglekar Hospital,hospital,,POINT (73.8336359 18.5327524)
"Rakshak Hospital, Pune",hospital,,POINT (73.9377429 18.5628712)
Parmar Multi Speciality Hospital and Maternity Home,hospital,,POINT (73.8072065 18.5600564)
Chaitanya Centre For Psychological Help,hospital,,POINT (73.8043727 18.4795175)
Mothercare Hospital,hospital,,POINT (73.8760145 18.4872463)
"Sahyadri Hospital, Bibvewadi",hospital,,POINT (73.862105 18.4781739)
Argade Infertility and Endoscopic Surgery and Icu Center,hospital,,POINT (73.8102353 18.5017523)
Shree Balaji Eye Hospital,hospital,,POINT (73.8581684 18.4910283)
Chaitanya Stem Cell Center,hospital,,POINT (73.8503981 18.5000189)
"Welfare Medical Foundatios, Mohintara Hospital",hospital,,POINT (73.9292309 18.503468)
"Pawar Hospital, Pune",hospital,,POINT (73.8601231 18.4658771)
Galaxy Care Laparoscopy Institute Pvt. Ltd.,hospital,,POINT (73.837105 18.5110031)
Punarvasu Chikitsalaya,hospital,,POINT (73.8423179 18.5284781)
Ushakiran General Hospital,hospital,,POINT (73.9348286 18.5019965)
"Sangam Hospital, Pune",hospital,,POINT (73.8578707 18.4757105)
"Zenith Hospital, Pune",hospital,,POINT (73.9294803 18.5025879)
Umarji Hospital,hospital,,POINT (73.857758 18.5119352)
Latkar Hospital,hospital,,POINT (73.8132226 18.5609006)
Shashwat Hospital,hospital,,POINT (73.8135271 18.4948349)
Medipoint Hospital,hospital,,POINT (73.933849 18.5623861)
Indira Maternity Home,hospital,,POINT (73.8762961 18.5122188)
Alatkar Hospital,hospital,,POINT (73.9322779 18.5018572)
Ranka Hospital,hospital,,POINT (73.861886 18.4950117)
Bhide Hospital,hospital,,POINT (73.8443399 18.5048666)
Poona Laser Center,hospital,,POINT (73.8381752 18.5123701)
Siddhant Maternity Home,hospital,,POINT (73.8566422 18.4792694)
Remedy Hospital,hospital,,POINT (73.9365077 18.5005568)
Amit Hospital,hospital,,POINT (73.8880362 18.5463494)
"Purandare Hospital, Pune",hospital,,POINT (73.8586646 18.5022916)
Pramodini Urology Foundation,hospital,,POINT (73.8410217 18.5199125)
Harsh Hospital,hospital,,POINT (73.8662057 18.4802908)
Shraddha Hospital,hospital,,POINT (73.9315805 18.5019482)
Salunke Hospital,hospital,,POINT (73.9273694 18.5585931)
Moolanis Eye Care Centre,hospital,,POINT (73.8783494 18.5057737)
Gokhale Hospital,hospital,,POINT (73.857062 18.502172)
Wankhede Hospital,hospital,,POINT (73.8888207 18.4724656)
Pune Fertility Center,hospital,,POINT (73.8479868 18.5287757)
Jagtap Hospital,hospital,,POINT (73.8237825 18.4774187)
Joshi Hospital,hospital,,POINT (73.8332118 18.5171772)
Dr Patwardhan Hospital,hospital,,POINT (73.8507776 18.4573434)
Shri Samarth Hospital,hospital,,POINT (73.865867 18.5180616)
Mai Mangeshkar Hospital,hospital,,POINT (73.7997318 18.4851843)
Kamal Netra Rugnalaya,hospital,,POINT (73.81219 18.4949914)
Kulkarni Hospital and Diagnostic Centre,hospital,,POINT (73.8092832 18.4851967)
Khares Eye Institute,hospital,,POINT (73.8317379 18.5145168)
Dr Chavans Fracture and Orthopaedic Center,hospital,,POINT (73.8238536 18.4785979)
Gultekdi Nursing and Maternity Home,hospital,,POINT (73.8685472 18.4926804)
Agarwal Maternity and General Hospital,hospital,,POINT (73.931217 18.5588804)
Ashakiran Hospital,hospital,,POINT (73.8474959 18.5158253)
Sant Dnyaneswar Medical Education Research Centre,hospital,,POINT (73.8476971 18.5137805)
Kohakade Hospital,hospital,,POINT (73.9320606 18.5628578)
Dr. Karve Childrens Hospital,hospital,,POINT (73.8499763 18.5252254)
Yashashree Maternity and Nursing Home,hospital,,POINT (73.8502412 18.4886651)
Vinayak Netralaya - Pune,hospital,,POINT (73.817981 18.5105851)
Mams Sumatibhai Shah Ayurved Mahavidyalayas,hospital,,POINT (73.9387286 18.5035837)
Abane Hospital,hospital,,POINT (73.9377093 18.4994516)
Rahel Hospital,hospital,,POINT (73.8754553 18.5152906)
Nachiket Hospital Pvt Ltd,hospital,,POINT (73.831062 18.5076864)
Sai Shree Orthopaedic Super Speciality and Joint Replacement Centre,hospital,,POINT (73.8052712 18.5601581)
Shahade Hospital,hospital,,POINT (73.8537562 18.4978682)
Dada Laser Eye Institute,hospital,,POINT (73.8799037 18.5109382)
Dr.Prakash Katariya Laser Cure,hospital,,POINT (73.8441311 18.5223591)
"Siddharth Hospital, Pune",hospital,,POINT (73.8684641 18.4900578)
Dr.Purohit Nursing Home,hospital,,POINT (73.8443121 18.490344)
Sahyadri Hospital Hadapsar,hospital,,POINT (73.9321491 18.5031602)
Siddhi Hospital and Laproscopy Centre Pvt Ltd,hospital,,POINT (73.859008 18.464116)
Nande Hospital,hospital,,POINT (73.9383772 18.5011902)
PBMA's H V Desai Eye Hospital,hospital,,POINT (73.9237216 18.4722952)
Suraj Hospital,hospital,,POINT (73.8724713 18.4814034)
"Mohintara Hospital, Hadapsar",hospital,,POINT (73.9305311 18.5008462)
Chinchanikar Hospital,hospital,,POINT (73.8235485 18.4785438)
"Chaitanya Hospital, Bhaghirathi Nagar",hospital,,POINT (73.7977711 18.4778296)
Dr Sarawat Memorial Hospital,hospital,,POINT (73.8878018 18.4705427)
Kotbagi Hospital,hospital,yes,POINT (73.8047278 18.5619808)
Vinod Memorial Multispeciality Hospital,hospital,,POINT (73.8774723 18.5732119)
Om Hospital,hospital,,POINT (73.830716 18.5292449)
Bharatiya Sanskriti Darshan Trust,hospital,,POINT (74.0024284 18.5819248)
Pune Adventist Hospital;advantist hospital,hospital,,POINT (73.8710202 18.491944)
Mahajan Hospital,hospital,,POINT (73.857003 18.4840672)
Om Prasuti Graha,hospital,,POINT (73.8885243 18.5470843)
"Shreenath Hospital, Pune",hospital,,POINT (73.906766 18.5211129)
Subodh Hospital,hospital,,POINT (73.8137605 18.5035234)
"Pai Hospital, Pune",hospital,,POINT (73.8572026 18.4689649)
Chinmay Institute Of Paediatrics,hospital,,POINT (73.8457009 18.5083289)
Patil Hospital - Pune,hospital,,POINT (73.8251685 18.4797674)
Shree.J.Hospital,hospital,,POINT (73.864194 18.4653028)
Paranjpe Eye Clinic and Eye Surgery Centre,hospital,,POINT (73.8404001 18.5183547)
K. K. Hospital - Pune,hospital,,POINT (73.938176 18.5626283)
Ace Hospital,hospital,,POINT (73.8303593 18.504933)
Jeewan Jyot Multispeciality Medical Care Center,hospital,,POINT (73.9074788 18.5569451)
Pooja Hospital,hospital,,POINT (73.9288205 18.5023551)
Chandra Hospital,hospital,,POINT (73.890656 18.4522084)
Vaibhavi Hospital,hospital,,POINT (73.9469039 18.4994249)
Global Hospital & Research Institute,hospital,,POINT (73.8410144 18.5013237)
"Lokmanya Hospital, Pune",hospital,,POINT (73.834105 18.5089079)
Sai Sneh Hospital and Diagnostic Centre Pvt Ltd,hospital,,POINT (73.8597831 18.4465478)
"Lodha Hospital, Pune",hospital,,POINT (73.8004071 18.4833651)
"Adarsh Hospital, Pune",hospital,,POINT (73.8881166 18.4541274)
Dhanwantari Hospital,hospital,,POINT (73.8658999 18.5194471)
Pungliya Hospital,hospital,,POINT (73.8508487 18.5226796)
B.J.Medical College and Sassoon Hospital,hospital,,POINT (73.871161 18.526235)
Karne Hospital Pvt Ltd,hospital,,POINT (73.8583709 18.4954696)
Vibhute Hospital,hospital,,POINT (73.8518391 18.5040492)
Yash Hospital - V.K. Medical Foundation,hospital,,POINT (73.9380687 18.5103392)
Kulkarni Endo Surgery Institute and Reconstructive Urology Centre,hospital,,POINT (73.8029893 18.5097841)
Vinnayak Hospital,hospital,,POINT (73.8717458 18.4854879)
Shah Hospital,hospital,,POINT (73.8893055 18.5486475)
Navjeewan Hospital,hospital,,POINT (73.9543189 18.4984609)
Prathmesh Hospital,hospital,,POINT (73.9368054 18.5518547)
Pune City Eye Hospital,hospital,,POINT (73.8760869 18.5298629)
Talesara Hospital,hospital,,POINT (73.8887711 18.5498719)
Borse Nursing Home,hospital,,POINT (73.7901476 18.5093803)
Deodhar Eye Hospital,hospital,,POINT (73.836472 18.5114494)
"Om Hospital, Bavdhan",hospital,,POINT (73.7818475 18.5164841)
Godbole Hospital,hospital,,POINT (73.8513154 18.5112078)
Kataria Hospital,hospital,,POINT (73.8855249 18.545411)
Dr.Pawar Eye Hospital,hospital,,POINT (73.8449264 18.5092716)
National Institute Of Ophthalmology,hospital,,POINT (73.8148253 18.5596864)
Nm Wadia Institute Of Cardiology,hospital,,POINT (73.8771894 18.5307444)
Sane Guruji Arogya Kendra,hospital,,POINT (73.9381224 18.503632)
Bhandari Maternity and Nursing Home,hospital,,POINT (73.8234164 18.4777164)
"Samarth Hospital, Pune",hospital,,POINT (73.862059 18.5195234)
Amai Charitable Trust Institute Of Urology,hospital,,POINT (73.8162401 18.5550536)
Z Y - Vision,hospital,,POINT (73.8408494 18.5247371)
"Shreeyash Hospital, Pune",hospital,,POINT (73.8418673 18.5155666)
Dr. Todkar Hospital,hospital,,POINT (73.8639473 18.5229518)
Khenat Hospital and Maternity Home,hospital,,POINT (73.8138248 18.4891281)
Manoj Clinic / Gore Hospital,hospital,,POINT (73.8487867 18.5117788)
Pharande Eye Hospital,hospital,,POINT (73.8239729 18.4777316)
Vishwaniranjan Eye Hospital,hospital,,POINT (73.8458276 18.5113846)
Shree Nursing and Maternity Home,hospital,,POINT (73.8159759 18.4845772)
"Ram Krishna Hospital, Pune",hospital,,POINT (73.8483354 18.5092455)
Shatayu Hospital,hospital,,POINT (73.857691 18.4664871)
"Vinayak Hospital, Warje",hospital,,POINT (73.7968263 18.4858542)
Sanjeevan Maternity and Surgical Hospital,hospital,,POINT (73.8025528 18.5593966)
Serene Hospital Pvt Ltd,hospital,,POINT (73.8818973 18.5697941)
Deshpande Hospital,hospital,,POINT (73.9022358 18.5049909)
Centre For Laproscopy Surgery,hospital,,POINT (73.8452496 18.5207937)
Kawedia Hospital,hospital,,POINT (73.8782608 18.5070645)
Om Shakti Chaya Hospital - Rsby,hospital,,POINT (73.920515 18.4685007)
Ambekar Hospital,hospital,,POINT (73.817541 18.5054055)
Kamaladevi Maternity Hospital & Research Home,hospital,,POINT (73.8190001 18.467118)
Harijivan Hospital,hospital,,POINT (73.8542376 18.5001435)
Dugad Hospital Pvt Ltd,hospital,,POINT (73.8580129 18.4909481)
Dhanvantari Hospital,hospital,,POINT (73.9360535 18.5004494)
Agrawal Hospital,hospital,,POINT (73.8140419 18.4891931)
Inaam General Hospital,hospital,,POINT (73.892592 18.5618595)
Aditya Eye Hospital & Lasik Centre,hospital,,POINT (73.8953506 18.560232)
Sahyadri Super Speciality Hospital,hospital,,POINT (73.8971383 18.5543086)
Rutu Anand Hospital,hospital,,POINT (73.8942307 18.56295)
Freedom Fighter Gangaram Karne Hospital,hospital,,POINT (73.8972835 18.5565024)
Chatrapati Shivray Hospital PMC Pune,hospital,,POINT (73.8965795 18.5623853)
Shree Hospital,hospital,,POINT (73.8989792 18.5533588)
Neney's Hospital,hospital,,POINT (73.899622 18.5536181)
PMC ARMED FORCE MEDICAL COLLEGE(AFMC),hospital,,POINT (73.890117 18.503916)
Bharati Vidyapeeth Dental College and Hospital,hospital,,POINT (73.855026 18.457239)
Arvind Ganpat Bartakke Dawakhana Atulnagar,hospital,,POINT (73.792632 18.48356)
Murlidhar Pandurang Laigude Hospital,hospital,,POINT (73.804957 18.4623918)
Late Anandibai Narhar Gadgil Hospital,hospital,,POINT (73.8386813 18.5024088)
Sutika Seva Mandir,hospital,,POINT (73.846551 18.513913)
PMC Sangamnerkar Hospital (N. G. O.),hospital,,POINT (73.921412 18.561134)
Chris Rock Edward Paul Hospital,hospital,,POINT (73.8990724 18.5770661)
Sasoon Hospital,hospital,,POINT (73.873118 18.521872)
Dr Bhore's Mother & Child Clinic,hospital,,POINT (73.9028326 18.5977182)
CT Nursing Home,hospital,yes,POINT (73.9001514 18.596865)
"FPA , Kothrud",hospital,,POINT (73.7886402 18.506552)
Colony Nursing Home,hospital,,POINT (73.8446917 18.5030769)
Vaibhav Hospital,hospital,,POINT (73.8887874 18.5490315)
Gupte Hospital Extension Clinic,hospital,,POINT (73.793639 18.557773)
Dhanwantari Hospital,hospital,,POINT (73.7895512 18.5593096)
Shivam Hospital,hospital,,POINT (73.9364994 18.500617)
Kamal Hospital,hospital,,POINT (73.902522 18.494483)
Goodwill Icon Hospital,hospital,,POINT (73.9395977 18.5537182)
Shree Sai Prasad Hospital,hospital,,POINT (73.8484382 18.4495732)
Petals Hospital,hospital,,POINT (73.8888427 18.5492968)
Dr. Agarwals Eye Hospital,hospital,,POINT (73.80838 18.5535506)
Londhe Hospital,hospital,,POINT (73.9257973 18.4768406)
N. M. Wadia Hospital,hospital,,POINT (73.876952 18.530716)
Shahu Hospital,hospital,,POINT (73.8993556 18.4820937)
Dr. Shraddha Angal,hospital,,POINT (73.829755 18.540958)
Noble Hospital,hospital,,POINT (73.9273481 18.5035846)
New Command Hospital,hospital,,POINT (73.884521 18.4956457)
Sushrusha Hospital,hospital,,POINT (73.939737 18.483917)
Serene Hospital,hospital,,POINT (73.8823303 18.569842)
Chaitanya General Hospital,hospital,,POINT (73.9067768 18.519983)
Dharmadhikari Hospital,hospital,,POINT (73.9357865 18.5015481)
Dinkar Hospital,hospital,,POINT (73.9421209 18.4869268)
Shree Hospital,hospital,,POINT (73.9411724 18.5515015)
Dr. Babasaheb Ambedkar Cantonment General Hospital,hospital,,POINT (73.8486366 18.5687508)
Life Care Multispecality Hospital,hospital,,POINT (73.9389363 18.4879916)
Bhakare Super Speciality Hospital,hospital,,POINT (73.849133 18.448115)
Kasturba General Hospital,hospital,,POINT (73.8815063 18.5725401)
Vinayak Hospital,hospital,,POINT (73.8797365 18.5684211)
Aadhar Hospital,hospital,,POINT (73.931237 18.4756744)
"Manipal Hospital, Pune",hospital,,POINT (73.935679 18.5409242)
Ayodhya Trust General Hospital,hospital,,POINT (73.9037686 18.49253)
Chordiya Nursing Home,hospital,,POINT (73.8781846 18.4581135)
Anup Hospital,hospital,,POINT (73.838315 18.498738)
Apex Superspeciality Hospital,hospital,,POINT (73.8439447 18.5075984)
Date Hospital,hospital,,POINT (73.8522294 18.51024)
Morya General Hospital,hospital,,POINT (73.8484343 18.5147901)
Suman Hospital,hospital,,POINT (73.853457 18.492348)
Lifeline Hospital,hospital,,POINT (73.8923643 18.4723283)
Sabane Hospital,hospital,,POINT (73.8434338 18.5107027)
Kamat Hospital,hospital,,POINT (73.869389 18.512445)
Bindu Madhav Thakarey Hospital,hospital,,POINT (73.817109 18.496127)
National Hospital,hospital,,POINT (73.8887261 18.4714238)
Meenatai Thakre Maternity Home,hospital,,POINT (73.889134 18.47396)
Bhagirathi Children's Hospital,hospital,,POINT (73.8229041 18.4947224)
Vishranti Hospital,hospital,,POINT (73.8744506 18.5086317)
Matru Seva Hospital;Pacharne Hospital,hospital,,POINT (73.871996 18.516314)
Shraddha Hospital,hospital,,POINT (73.845933 18.4909252)
Purohit Hospital,hospital,,POINT (73.8513176 18.4975587)
Prerna Hospital,hospital,,POINT (73.8690108 18.4553105)
Bapat Hospital,hospital,,POINT (73.842063 18.530365)
Shivneri Hospital,hospital,,POINT (73.85723 18.449571)
New Pune Hospital,hospital,,POINT (73.888399 18.470806)
Kothari Orthopaedic Hospital,hospital,,POINT (73.8571698 18.4891725)
Kalyani Hospital,hospital,,POINT (73.8592129 18.5046645)
Kumbhare Hospital,hospital,,POINT (73.8622355 18.5218011)
योगेश हॉस्पिटल,hospital,,POINT (73.847875 18.510438)
Gokhale Hospital,hospital,,POINT (73.857108 18.502188)
Sai Samarth Hospital,hospital,,POINT (73.8681573 18.5231039)
Dr. Baba Saheb Ambedkar Hospital;dr baba saheb ambedkar hospital,hospital,,POINT (73.8702072 18.4962994)
Todkar Hospital,hospital,,POINT (73.8660862 18.5107128)
Shaishav Children's Hospital,hospital,,POINT (73.8476204 18.5137927)
Suyash Hospital,hospital,,POINT (73.8124022 18.5001862)
Moraya Nursing Home,hospital,,POINT (73.8662836 18.4472895)
Swanand Maternity Hospital,hospital,,POINT (73.8339823 18.5297435)
City Hospital,hospital,,POINT (73.7997343 18.5071504)
Parasnis Hospital,hospital,,POINT (73.858715 18.474694)
Shintre Hospital,hospital,,POINT (73.8499324 18.5122403)
Alliance Munot Hospital;munot hospital,hospital,,POINT (73.8686993 18.5025447)
Kalavati Mavale Hospital,hospital,,POINT (73.8464127 18.5150421)
Jeevandhara Multispeciality Hospital,hospital,,POINT (73.8577679 18.4491259)
ASG Eye Hospital,hospital,,POINT (73.8436351 18.528932)
Rode Hospital,hospital,,POINT (73.8149589 18.5091812)
Mantri Hospital,hospital,,POINT (73.834167 18.505204)
Kering Hospital;kering clinic,hospital,,POINT (73.8682087 18.5029885)
Siddhivinayak Hospital,hospital,,POINT (73.8709944 18.4559009)
Kirad Hospital,hospital,,POINT (73.868913 18.5143478)
Chajed Hospital,hospital,,POINT (73.8628189 18.50451)
KEM Hospital,hospital,,POINT (73.8669776 18.5200596)
Hope Hospital,hospital,,POINT (73.869516 18.5126915)
David Sassoon Hospital,hospital,,POINT (73.870499 18.525279)
MJM Hospital,hospital,,POINT (73.8438216 18.5245059)
Chavan Hospital,hospital,,POINT (73.8584592 18.502202)
dental health care,hospital,,POINT (73.8625971 18.5062067)
ARCUS HOSPITAL,hospital,,POINT (73.8990842 18.4889132)
Sai Allergy asthma Eye Children Hospital,hospital,,POINT (73.8514295 18.4852917)
Sathe Multispeciality Hospital,hospital,,POINT (73.8037337 18.5067869)
"Facethetics - Dental, Facial Cosmetics(BOTOX), & Hair Transplant Clinique",hospital,,POINT (73.8285827 18.5136297)
Shree Hospital,hospital,,POINT (73.8144112 18.5664237)
Karan Hospital,hospital,yes,POINT (73.8846483 18.5836745)
Ordnance Factory Hospital,hospital,,POINT (73.8444489 18.5607785)
"Military Hospital ,Pune",hospital,,POINT (73.8381779 18.5526036)
Morya Multispeciality Hospital,hospital,,POINT (73.8153134 18.4643898)
Matoshri Ramabai Ambedkar Prasutigriha,hospital,,POINT (73.8500051 18.502785)
Savitribai Phule Meternity Home,hospital,,POINT (73.8611993 18.5048618)
Premchand Oswal Hospital,hospital,,POINT (73.8683031 18.4677248)
"Janata Hospital ,Pune",hospital,,POINT (73.8470078 18.4993855)
"Government Hospital, Dhankawadi",hospital,,POINT (73.8495579 18.4652208)
Vasant More Hospital,hospital,,POINT (73.8698521 18.4533972)
Hazrat Maulana Yunus Sahab Rahmatullah Alaih Dawakhana,hospital,,POINT (73.856594 18.4482157)
G B Indumati Manilal Khanna Hospital,hospital,,POINT (73.8665946 18.4925761)
Varadvinayak Children and Eye Hospital,hospital,,POINT (73.9315228 18.4934295)
Rising Medicare Hospital,hospital,,POINT (73.9393307 18.5537402)
Late Pruthak Barate Hospital,hospital,,POINT (73.7975854 18.4753187)
Apollo Spectra Hospitals,hospital,,POINT (73.8520221 18.5029796)
city hospiyal,hospital,,POINT (73.8878684 18.4713114)
Om Hospital in Pune,hospital,,POINT (73.8844764 18.4747094)
Chellaram Hospital,hospital,,POINT (73.769934 18.5196786)
Thite Multispeciality Hospital,hospital,,POINT (73.9400147 18.5629303)
Metropolis Healthcare Ltd,hospital,,POINT (73.8265103 18.5078453)
Shree laxmi Hospital,hospital,,POINT (73.9372721 18.5503243)
Joshi Hospital,hospital,,POINT (73.842284 18.5178773)
Ruby Hall,hospital,,POINT (73.8769727 18.5334658)
Benecare Superspeciality Hospital,hospital,,POINT (73.777019 18.5639725)
Tirupati Hospital,hospital,,POINT (73.774807 18.5167814)
Manipal Hospital,hospital,,POINT (73.7695757 18.5663598)
Aashirwad Hospital,hospital,yes,POINT (73.8282621 18.479729)
Todkar Hospital,hospital,,POINT (73.8660853 18.5107733)
Modern Hospital,hospital,,POINT (73.8688388 18.5157161)
mothercare hospital,hospital,,POINT (73.8761077 18.4873135)
metro advanced homeopathy clinic,hospital,,POINT (73.8740424 18.4864264)
suraj hospital,hospital,,POINT (73.872471 18.4814426)
anvi ENT and thyroid clinic,hospital,,POINT (73.8716266 18.4840027)
sharda clinic,hospital,,POINT (73.8663445 18.5012435)
immunology and rheumatology clinic,hospital,,POINT (73.8886709 18.4958983)
sahyadri hospital,hospital,,POINT (73.8621023 18.4781663)
harsh hospital,hospital,,POINT (73.8661942 18.4803051)
apollo clinic,hospital,,POINT (73.9139265 18.5644671)
bhagali clinic and nursing home,hospital,,POINT (73.8580682 18.474674)
sayar hospital,hospital,,POINT (73.8626065 18.4734893)
isshan orthopedic hospital,hospital,,POINT (73.8631451 18.4728083)
dr kashyab nursing home,hospital,,POINT (73.8643492 18.4705573)
,hospital,,POINT (73.8632764 18.4705532)
Bora Hospital,hospital,,POINT (73.8639446 18.5104549)
kedari Hospital,hospital,,POINT (73.8754518 18.5152955)
Umarji Hospital,hospital,,POINT (73.857759 18.5119365)
Panchsheel Hospital,hospital,,POINT (73.8692464 18.5140768)
Sardar Patel Genral Hospital,hospital,,POINT (73.8771188 18.5027364)
Meera Hospital,hospital,,POINT (73.8746937 18.5023171)
Allice Munot Hospital,hospital,,POINT (73.8686991 18.5025502)
Kering Hospital,hospital,,POINT (73.8681299 18.5030034)
G.M Babubbhai Memo Hospital,hospital,,POINT (73.8751436 18.508112)
Military Hospital,hospital,,POINT (73.8823382 18.4924252)
CHandralok Hospital,hospital,,POINT (73.8610219 18.4803326)
Sangam Hospital,hospital,,POINT (73.857877 18.4757475)
Oyster and Pearl Hospital,hospital,,POINT (73.8472769 18.5318931)
Ghaisas ENT Hospital,hospital,,POINT (73.8423562 18.5172397)
Phadke Hospital,hospital,,POINT (73.843879 18.5183149)
Seth Tarachand Hospital,hospital,,POINT (73.864031 18.5177725)
Shre Samarth Hospital,hospital,,POINT (73.8658612 18.5180497)
Ruby Hall Clinic,hospital,,POINT (73.8773654 18.5327841)
Red blood hospital,hospital,,POINT (73.8710163 18.5273893)
Nityashraddha super speciality hospital,hospital,,POINT (73.8760898 18.5278495)
N. M. Wadia Institute of Cardiology,hospital,,POINT (73.8771922 18.5307461)
WEST VALLEY MULTISPECIALITY HOSPITAL PVT LTD,hospital,,POINT (73.8765318 18.5351432)
Kawediya Hospital,hospital,,POINT (73.8627099 18.5242312)
Unique Hospital,hospital,,POINT (73.8676777 18.5221641)
Sadhu Vaswani Missions Medical Complex,hospital,,POINT (73.8874441 18.5347719)
Poona Hospital and Research Centre,hospital,,POINT (73.8420437 18.510644)
DEENDAYAL MEMORIAL HOSPITAL,hospital,,POINT (73.8411721 18.5249802)
KAMLA NEHRU HOSPITAL,hospital,,POINT (73.8620344 18.5229428)
GLOBAL HOSPITAL & RESEARCH,hospital,,POINT (73.8410045 18.5012869)
RANKA HOSPITAL,hospital,,POINT (73.8619001 18.4949578)
Joshi Hospital,hospital,,POINT (73.8422853 18.5179034)
Prayag Hospital,hospital,,POINT (73.842789 18.5174841)
PUNE ADVENTIST HOSPITAL,hospital,,POINT (73.8709604 18.491946)
HARIJIVAN HOSPITAL,hospital,,POINT (73.8543108 18.5001316)
hospital26,hospital,,POINT (73.9309874 18.5583938)
UNDRE HP,hospital,,POINT (73.9856214 18.5814556)
PHC,hospital,,POINT (73.9827951 18.5799148)
HOSPITAL 9,hospital,,POINT (73.9876243 18.5795587)
GUPTA CLINIC,hospital,,POINT (73.9725763 18.5789142)
SKINN AND HAIR CLINIC,hospital,,POINT (73.9951355 18.5777941)
GUPTA CLINIC,hospital,,POINT (73.9725602 18.5788748)
hospital,hospital,,POINT (73.9805643 18.5823427)
,hospital,,POINT (73.9831702 18.5813689)
,hospital,,POINT (73.9831235 18.5833077)
,hospital,,POINT (73.9770058 18.5829181)
,hospital,,POINT (73.9913616 18.5813104)
,hospital,,POINT (73.9819282 18.5792033)
,hospital,,POINT (73.9758572 18.5782826)
,hospital,,POINT (73.9652574 18.5738773)
,hospital,,POINT (73.9600646 18.5755248)
Public health Care Wagoli,hospital,,POINT (73.982826 18.5799268)
care hospital,hospital,,POINT (73.9851155 18.581348)
Undre Hospital,hospital,,POINT (73.9855996 18.5814961)
Gupta Clinic,hospital,,POINT (73.9725846 18.5788647)
Shinde Hospitals,hospital,,POINT (73.9815294 18.5801148)
Pulse Speciality Hospital,hospital,,POINT (73.9655778 18.5873935)
Morya Hospitals,hospital,,POINT (73.9618613 18.5748109)
Siddheswar Hospitals,hospital,,POINT (73.9557181 18.5733714)
Medinova Hospital,hospital,,POINT (73.9634679 18.5762741)
Dhanwatari Hospital,hospital,,POINT (73.9794326 18.5791205)
Sai Hospitals,hospital,,POINT (73.9885029 18.5818139)
Siddheswar Hospital,hospital,,POINT (73.9557641 18.5733934)
Lotus Hospital,hospital,,POINT (73.9792027 18.578795)
Care Hospitals,hospital,,POINT (73.961192 18.5748089)
,hospital,,POINT (73.975321 18.5732671)
,hospital,,POINT (73.9611375 18.5784537)
,hospital,,POINT (73.9571464 18.5789012)
,hospital,,POINT (73.9703857 18.5764605)
,hospital,,POINT (73.9841075 18.5720966)
,hospital,,POINT (73.9569307 18.567375)
,hospital,,POINT (73.9578748 18.5715041)
,hospital,,POINT (73.9559436 18.5717686)
,hospital,,POINT (73.9581752 18.5651782)
,hospital,,POINT (73.9627028 18.5644662)
,hospital,,POINT (73.9468456 18.5655036)
Life Line Hospital,hospital,,POINT (73.9896156 18.5837117)
Care Hospital,hospital,,POINT (73.9851071 18.5813193)
Medinova Hospitals,hospital,,POINT (73.9634374 18.5762624)
Lotus Hospitals,hospital,,POINT (73.9792657 18.5787686)
Shusshrusha Hospital,hospital,,POINT (73.9915895 18.5846747)
Shinde Hospitals,hospital,,POINT (73.9815296 18.580056)
Rainbow Hospitals,hospital,,POINT (73.9899857 18.5803943)
Sai Hospitals,hospital,,POINT (73.9951077 18.5778028)
Unity Hospitals,hospital,,POINT (73.988689 18.5807427)
Morya Hospitals,hospital,,POINT (73.9618107 18.5748601)
Pulse hospitals,hospital,,POINT (73.9663579 18.5875881)
Metro Hospitals,hospital,,POINT (73.9821671 18.580852)
Shinde hospitals,hospital,,POINT (73.9814572 18.5801484)
Life line hospital,hospital,,POINT (73.9891607 18.5844508)
imax Eye care hospital,hospital,,POINT (73.9864644 18.5831658)
,hospital,,POINT (73.9851683 18.5813557)
,hospital,,POINT (73.9851159 18.5813711)
,hospital,,POINT (73.9856121 18.5814429)
,hospital,,POINT (73.9856224 18.5814616)
,hospital,,POINT (73.9855996 18.5815015)
,hospital,,POINT (73.9855901 18.5815238)
,hospital,,POINT (73.9830935 18.5801722)
,hospital,,POINT (73.9828262 18.5799659)
,hospital,,POINT (73.9827946 18.5799266)
,hospital,,POINT (73.9828739 18.5798816)
,hospital,,POINT (73.9829543 18.579814)
Shashwat Hospital,hospital,,POINT (73.8135873 18.4944973)
Dr Mhaske Hospital and Research Centre Pvt Ltd,hospital,,POINT (73.9415815 18.500696)
Vaibhav Nursing Home,hospital,,POINT (73.8871753 18.5875992)
Care Hospital,hospital,,POINT (73.8906932 18.4645854)
,hospital,,POINT (73.7947857 18.5071972)
Care Hospital,hospital,,POINT (73.9882918 18.5827149)
,hospital,,POINT (73.8720836 18.5498595)
White Shine Multispeciality Dental Clinic,hospital,yes,POINT (73.9069211 18.5755375)
test hospital,hospital,,POINT (73.8539506 18.5255793)
Pharmacy,hospital,,POINT (73.9448236 18.5348935)
Racemous Polyclinics,hospital,,POINT (73.9329095 18.5208921)
lonkar,hospital,,POINT (73.9364213 18.5294468)
elite hospital,hospital,,POINT (73.7712894 18.5576766)
patil hospital,hospital,,POINT (73.8488292 18.4475111)
Prism Dental and Medical Clinic,hospital,,POINT (73.9333741 18.5233466)
Sant Hospital,hospital,,POINT (73.9244404 18.5426961)
Capital Hospital,hospital,,POINT (73.793338 18.5084717)
Dr. Rajendra Mehata Hospital,hospital,yes,POINT (73.8515302 18.5376938)
PMC Health Center,hospital,no,POINT (73.9371731 18.5524886)
Vighanaharata Hospital,hospital,yes,POINT (73.8642415 18.4692892)
Bvmfs Bharti Hospital and Research Center,hospital,,"POLYGON ((73.8562885 18.4598101, 73.8573951 18.4596781, 73.8573102 18.4590382, 73.8565908 18.4591241, 73.8566392 18.4594894, 73.856252 18.4595356, 73.8562885 18.4598101))"
Rajiv Gandhi Hospital,hospital,,"POLYGON ((73.8836388 18.545373, 73.883976 18.5454536, 73.8838894 18.5457795, 73.8835522 18.5456989, 73.8836388 18.545373))"
Inamdar Hospital,hospital,yes,"POLYGON ((73.8999159 18.5030379, 73.8999153 18.5030702, 73.8999349 18.5030706, 73.8999335 18.5031385, 73.899987 18.5031395, 73.8999858 18.5031953, 73.9000801 18.5031971, 73.9000796 18.5032184, 73.9000583 18.503218, 73.9000575 18.5032556, 73.9000242 18.503255, 73.900024 18.5032673, 73.9000458 18.5032678, 73.9000449 18.5033093, 73.9000805 18.50331, 73.9000811 18.5032817, 73.9001168 18.5032824, 73.9001219 18.5030418, 73.8999159 18.5030379))"
Deenanath Mangeshkar Hospital,hospital,yes,"POLYGON ((73.8317366 18.5016596, 73.8324336 18.5015464, 73.8340508 18.501348, 73.8340074 18.501582, 73.8339017 18.5020269, 73.8336566 18.5021483, 73.8323358 18.5024107, 73.8323555 18.5024918, 73.8319225 18.502637, 73.8317708 18.5026718, 73.8317297 18.5024886, 73.8317174 18.5024341, 73.8317074 18.5023713, 73.8316343 18.5016802, 73.8317366 18.5016596))"
KEM Hospital,hospital,yes,"POLYGON ((73.8664486 18.519602, 73.8677404 18.5196019, 73.867821 18.5196543, 73.8678417 18.519757, 73.8677795 18.5198794, 73.8674639 18.520419, 73.8674339 18.5205305, 73.8670357 18.5205452, 73.8670265 18.5208934, 73.8663993 18.5209019, 73.8664486 18.519602))"
Prayag Hospital,hospital,,"POLYGON ((73.8426059 18.5174432, 73.842924 18.5173679, 73.8429622 18.517513, 73.842644 18.5175883, 73.8426059 18.5174432))"
Phadke Hospital,hospital,,"POLYGON ((73.8439515 18.5182021, 73.843727 18.5183338, 73.843808 18.518458, 73.8440325 18.5183263, 73.8439515 18.5182021))"
Poona Hospital and Research Centre,hospital,yes,"POLYGON ((73.8424248 18.5101537, 73.842394 18.5104376, 73.8422411 18.5105356, 73.842298 18.5107646, 73.8424994 18.5107813, 73.8424767 18.5111157, 73.8419207 18.5111157, 73.8417451 18.5109511, 73.8413941 18.5104498, 73.8424248 18.5101537))"
Kamla Nehru Hospital,hospital,,"POLYGON ((73.8616543 18.5225855, 73.8624634 18.5225964, 73.8624565 18.5230448, 73.8626563 18.5230569, 73.8626435 18.5232963, 73.8615931 18.5232503, 73.8616084 18.5226677, 73.861616 18.5226121, 73.8616543 18.5225855))"
Sancheti Hospital,hospital,yes,"POLYGON ((73.8523022 18.5296921, 73.8527245 18.5295665, 73.8528897 18.5295458, 73.8530798 18.5296064, 73.8532248 18.5296906, 73.85339 18.5298073, 73.8534601 18.5298694, 73.8529894 18.530357, 73.8529365 18.5302373, 73.8526924 18.5300243, 73.8524954 18.5300142, 73.8523972 18.5299758, 73.8523022 18.5296921))"
Sahyadri Hospital,hospital,yes,"POLYGON ((73.8391457 18.512854, 73.8397025 18.5130922, 73.8396853 18.5131491, 73.839107 18.513239, 73.8389614 18.5131543, 73.8391457 18.512854))"
Deoyani Hospital,hospital,,"POLYGON ((73.8120703 18.495848, 73.8120728 18.4958582, 73.812005 18.4958729, 73.8120401 18.4960181, 73.8125581 18.4959055, 73.812523 18.4957603, 73.8124951 18.4957664, 73.8124922 18.4957545, 73.8124193 18.4957703, 73.8124222 18.4957822, 73.8123443 18.4957992, 73.8123412 18.4957863, 73.8122575 18.4958045, 73.8122606 18.4958174, 73.8121532 18.4958407, 73.8121507 18.4958305, 73.8120703 18.495848))"
Noble Hospital,hospital,yes,"POLYGON ((73.9274892 18.5045862, 73.9267486 18.504622, 73.9267861 18.505287, 73.9275379 18.5051901, 73.9274892 18.5045862))"
Ruby Hall Clinic,hospital,yes,"POLYGON ((73.9045748 18.4856805, 73.9046672 18.4852919, 73.9046926 18.4852973, 73.9047285 18.4851464, 73.9048458 18.4851715, 73.9048107 18.4853192, 73.904839 18.4853252, 73.9047459 18.4857171, 73.9045748 18.4856805))"
Jog Hospital,hospital,,"POLYGON ((73.8212417 18.509423, 73.821255 18.509465, 73.8212312 18.5094872, 73.8212015 18.5094808, 73.8212065 18.5095161, 73.8211819 18.5095418, 73.8210972 18.5095362, 73.8210409 18.5095175, 73.8210572 18.5094735, 73.8210379 18.5094672, 73.8210933 18.5093171, 73.8211282 18.5093287, 73.8211341 18.5093127, 73.8211679 18.5093239, 73.8211626 18.5093383, 73.8212363 18.5093628, 73.8212421 18.509347, 73.8212695 18.5093561, 73.8212669 18.5093633, 73.8212801 18.5093677, 73.8212733 18.5093859, 73.8212953 18.5093931, 73.8212796 18.5094356, 73.8212417 18.509423))"
Deendayal Memorial Hospital,hospital,,"POLYGON ((73.8412859 18.5248893, 73.8413149 18.5250242, 73.8408861 18.5251069, 73.8408572 18.524972, 73.8412859 18.5248893))"
Oyster and Pearl Hospital Tulip,hospital,,"POLYGON ((73.8473444 18.5318101, 73.8473314 18.5317934, 73.8472929 18.5318203, 73.8472735 18.5317954, 73.847063 18.5319423, 73.8471544 18.53206, 73.8473914 18.5318945, 73.8474153 18.5318975, 73.8474397 18.5318924, 73.8474608 18.5318797, 73.847476 18.5318609, 73.8474835 18.5318383, 73.8474824 18.5318147, 73.8474729 18.5317928, 73.847456 18.5317753, 73.8474339 18.5317644, 73.8474091 18.5317613, 73.8473847 18.5317664, 73.8473637 18.5317791, 73.8473485 18.5317979, 73.8473444 18.5318101))"
Navalmal Firodiya Super-Speciality Hospital,hospital,,"POLYGON ((73.8331502 18.5170567, 73.8329687 18.5171904, 73.8329151 18.5172108, 73.8328873 18.5171838, 73.8329195 18.5171431, 73.8329785 18.5171024, 73.832949 18.5170719, 73.8330885 18.5169727, 73.8331502 18.5170567))"
"Sanjeevan Hospital, Pune",hospital,,"POLYGON ((73.8366757 18.5101903, 73.8370376 18.5098319, 73.837541 18.5103083, 73.8374182 18.5104134, 73.8370234 18.5104742, 73.8366757 18.5101903))"
Ratna Memorial Hospital,hospital,yes,"POLYGON ((73.8292493 18.5275442, 73.8297009 18.5274199, 73.8297229 18.5278392, 73.8294142 18.52787, 73.8292493 18.5275442))"
PMC - Late. Jayabai Nanasaheb Sutar Maternity Home,hospital,,"POLYGON ((73.8078824 18.5037537, 73.8077915 18.5033324, 73.8075802 18.5033718, 73.8075309 18.5034567, 73.8075128 18.5035649, 73.8075776 18.5037923, 73.8076541 18.50386, 73.807706 18.503919, 73.8078824 18.5037537))"
Hardikar Hospital,hospital,,"POLYGON ((73.8475792 18.5304328, 73.8476741 18.5304247, 73.8476381 18.5300477, 73.8474079 18.5300674, 73.8474454 18.5304603, 73.8475807 18.5304487, 73.8475792 18.5304328))"
Shashwat Hospital,hospital,,"POLYGON ((73.8025829 18.5597374, 73.8030309 18.5598129, 73.8030336 18.5597982, 73.8031071 18.5598107, 73.8031196 18.559745, 73.803046 18.5597324, 73.8030491 18.5597159, 73.8026011 18.5596404, 73.8025829 18.5597374))"
Jehangir Hospital,hospital,,"POLYGON ((73.8757981 18.5306278, 73.8760478 18.5296523, 73.8763291 18.5296954, 73.8775163 18.5300593, 73.877341 18.5306383, 73.8765916 18.5307527, 73.876108 18.53111, 73.8758944 18.5309036, 73.875842 18.5308291, 73.8758017 18.5307469, 73.8757981 18.5306278))"
Ankura Hospital,hospital,yes,"POLYGON ((73.804431 18.5655543, 73.8048986 18.5655005, 73.8050607 18.5654819, 73.8050298 18.5652398, 73.8044 18.5653122, 73.804431 18.5655543))"
Gupta  clinic,hospital,,"POLYGON ((73.9724687 18.5791146, 73.9725933 18.5791346, 73.9726499 18.5788177, 73.9725253 18.5787977, 73.9724911 18.5789889, 73.9724687 18.5791146))"
,hospital,,"POLYGON ((73.877506 18.5725351, 73.8775502 18.5725546, 73.8775733 18.5725655, 73.8776066 18.5724994, 73.8775393 18.572469, 73.877506 18.5725351))"
Kodre Hospital,hospital,,"POLYGON ((73.9378128 18.5318403, 73.9378969 18.5318448, 73.9379118 18.5315929, 73.9378277 18.5315885, 73.9378128 18.5318403))"
skincare clinic,hospital,,"POLYGON ((73.8883926 18.485967, 73.8886468 18.486075, 73.8887796 18.4859216, 73.8884668 18.4857342, 73.8883926 18.485967))"
Chandralok Hospital,hospital,,"POLYGON ((73.8609022 18.4803899, 73.8611442 18.4803899, 73.8611442 18.4802751, 73.8609022 18.4802751, 73.8609022 18.4803899))"
Annachatre Clinic,hospital,,"POLYGON ((73.849373 18.4902467, 73.8495446 18.4902773, 73.8495644 18.4901776, 73.8493928 18.490147, 73.849373 18.4902467))"
Gold Rush Hospital,hospital,,"POLYGON ((73.9372399 18.5502191, 73.9373158 18.5502046, 73.9372813 18.5500428, 73.9372054 18.5500574, 73.9372399 18.5502191))"
Bandal complex,hospital,,"POLYGON ((73.7947118 18.5073565, 73.7947788 18.5073756, 73.7948449 18.5070943, 73.7947778 18.5070841, 73.7947118 18.5073565))"
Sharad Hospital,hospital,yes,"POLYGON ((73.8189556 18.4685037, 73.819018 18.4684762, 73.8189742 18.4683867, 73.8189118 18.4684142, 73.8189556 18.4685037))"
Dalvi Hospital,hospital,,"POLYGON ((73.8487021 18.5328123, 73.8490867 18.5329869, 73.8489373 18.5334773, 73.848454 18.5332438, 73.8487021 18.5328123))"
"Inlaks and Budhrani Hospital,Sadhu Vaswani Mission's Medical Complex",hospital,,"POLYGON ((73.8869549 18.5342469, 73.8871435 18.5358832, 73.8878017 18.535815, 73.8876131 18.5341787, 73.8869549 18.5342469))"
Naydu Rugnalay,hospital,,"POLYGON ((73.8686847 18.5310969, 73.8693615 18.5311245, 73.8693473 18.531609, 73.8687128 18.5315654, 73.8686847 18.5310969))"
Jupiter Hospital,hospital,,"POLYGON ((73.7858398 18.5661095, 73.7860234 18.5660965, 73.7862067 18.5660835, 73.7861704 18.5656236, 73.786145 18.5653006, 73.7859659 18.5653133, 73.785778 18.5653266, 73.7858398 18.5661095))"
,hospital,,"POLYGON ((73.9870101 18.5832546, 73.9869535 18.5838383, 73.9875339 18.5839859, 73.9875622 18.5838853, 73.9878312 18.5839255, 73.9881214 18.5825367, 73.9877038 18.5823153, 73.987541 18.5829191, 73.9876613 18.5829326, 73.987541 18.583315, 73.9870101 18.5832546))"
Pandit Clinic,hospital,,"POLYGON ((73.8593739 18.4956662, 73.8593746 18.4955691, 73.8595116 18.49557, 73.8595109 18.4956671, 73.8593739 18.4956662))"
lonkar,hospital,no,"POLYGON ((73.9367736 18.5292567, 73.9366878 18.5299077, 73.9359153 18.5293788, 73.9361231 18.5291193, 73.9363364 18.5291829, 73.9367736 18.5292567))"
Military Hospital Cardio-Thoracic Center,hospital,,"POLYGON ((73.8824157 18.4917535, 73.8823567 18.4918366, 73.8827833 18.4921088, 73.8826439 18.4923054, 73.8822348 18.4920445, 73.8821846 18.4921154, 73.8820066 18.4922936, 73.8819783 18.4923835, 73.8824564 18.4926872, 73.8826802 18.4923703, 73.8828655 18.4924879, 73.8828259 18.4925441, 73.8828805 18.4925786, 73.88255 18.4930492, 73.8816909 18.4924908, 73.8816246 18.4925833, 73.8825686 18.4931794, 73.8832162 18.492257, 73.8831134 18.4921921, 73.8824157 18.4917535), (73.8829075 18.4924833, 73.8827345 18.4923727, 73.8827668 18.4923273, 73.8827182 18.4922962, 73.882799 18.4921824, 73.8830247 18.4923183, 73.8829075 18.4924833))"
Seth Tarachand Hospital,hospital,,"MULTIPOLYGON (((73.8630758 18.5178655, 73.8632164 18.5180027, 73.8639557 18.5181074, 73.8640883 18.5180636, 73.8644037 18.5171607, 73.8633008 18.5177036, 73.8630758 18.5178655)), ((73.8642128 18.5184094, 73.8646548 18.518397, 73.864693 18.5171017, 73.8645523 18.5170998, 73.8642118 18.5181027, 73.8641988 18.5182163, 73.8642128 18.5184094)))"
